{
  "data" : {
    "id" : "54035e56-67e3-403e-8370-510da69cd62f",
    "type" : "custom_dashboards",
    "attributes" : {
      "custom_dashboard_id" : "54035e56-67e3-403e-8370-510da69cd62f",
      "custom_dashboard_name" : "Technical simulation dashboard  (GTM)",
      "custom_dashboard_description" : "",
      "custom_dashboard_created_at" : "2025-07-03T15:31:47.810488Z",
      "custom_dashboard_updated_at" : "2025-08-21T13:34:57.276681Z"
    },
    "relationships" : {
      "custom_dashboard_widgets" : {
        "data" : [ {
          "id" : "3a10225a-1a56-474c-92c3-e76b7019cd1c",
          "type" : "widgets"
        }, {
          "id" : "ac92026e-96bc-4e95-86e7-414fe64af064",
          "type" : "widgets"
        }, {
          "id" : "45f63f2f-ef6c-4632-b2a5-2e26a768934f",
          "type" : "widgets"
        }, {
          "id" : "0dcf31e8-2a92-45b6-9fd0-90dabfd573fa",
          "type" : "widgets"
        }, {
          "id" : "4d1510b3-2084-4545-9743-0ab7bee25d3b",
          "type" : "widgets"
        }, {
          "id" : "8da3c012-5033-490f-af08-6af87eccb487",
          "type" : "widgets"
        }, {
          "id" : "b344a73e-f52a-4446-b2bd-a59428aef238",
          "type" : "widgets"
        }, {
          "id" : "41af14ac-5cc5-4b6e-93f4-efc4afc67043",
          "type" : "widgets"
        }, {
          "id" : "65f8b182-2ca1-45f3-a9be-d663080e9e86",
          "type" : "widgets"
        }, {
          "id" : "3d4e396c-8b75-4e70-9a20-7b27cccc9888",
          "type" : "widgets"
        }, {
          "id" : "34b0152f-88c1-41a0-a7ee-f61352def9bf",
          "type" : "widgets"
        }, {
          "id" : "37dfc143-02ce-4b95-93ef-f66202199c9f",
          "type" : "widgets"
        }, {
          "id" : "44211592-f028-4a26-a4a3-b7fba84ace66",
          "type" : "widgets"
        }, {
          "id" : "3737cef9-5091-4531-b838-b89db0a9f0f9",
          "type" : "widgets"
        }, {
          "id" : "4834ead9-c58e-4818-ac54-5eb2ee6ecdc9",
          "type" : "widgets"
        }, {
          "id" : "2849ddde-d949-4e95-a5a6-cd234c416f71",
          "type" : "widgets"
        } ]
      },
      "custom_dashboard_parameters" : {
        "data" : [ {
          "id" : "6bf69a8c-94ec-493e-9b9e-66ea1dc4dfe4",
          "type" : "custom_dashboards_parameters"
        }, {
          "id" : "9b6f8422-f006-4e9f-8b18-6426b7e73339",
          "type" : "custom_dashboards_parameters"
        }, {
          "id" : "ba2d5582-7bc4-47df-9fdb-c3f05d86d7ab",
          "type" : "custom_dashboards_parameters"
        }, {
          "id" : "f84c5829-6968-4d63-972b-1f9b61d4abdb",
          "type" : "custom_dashboards_parameters"
        } ]
      }
    }
  },
  "included" : [ {
    "id" : "3a10225a-1a56-474c-92c3-e76b7019cd1c",
    "type" : "widgets",
    "attributes" : {
      "widget_id" : "3a10225a-1a56-474c-92c3-e76b7019cd1c",
      "widget_type" : "number",
      "widget_config" : {
        "start" : null,
        "end" : null,
        "series" : [ {
          "name" : "",
          "filter" : {
            "mode" : "and",
            "filters" : [ {
              "key" : "base_entity",
              "mode" : "or",
              "values" : [ "finding" ],
              "operator" : "eq"
            } ]
          }
        } ],
        "widget_configuration_type" : "flat",
        "title" : "Total number of findings",
        "time_range" : "ALL_TIME",
        "date_attribute" : "base_updated_at"
      },
      "widget_layout" : {
        "widget_layout_w" : 4,
        "widget_layout_h" : 2,
        "widget_layout_x" : 8,
        "widget_layout_y" : 28
      },
      "widget_created_at" : "2025-07-31T14:28:06.728885Z",
      "widget_updated_at" : "2025-08-22T14:12:33.567884Z"
    }
  }, {
    "id" : "ac92026e-96bc-4e95-86e7-414fe64af064",
    "type" : "widgets",
    "attributes" : {
      "widget_id" : "ac92026e-96bc-4e95-86e7-414fe64af064",
      "widget_type" : "number",
      "widget_config" : {
        "start" : null,
        "end" : null,
        "series" : [ {
          "name" : "",
          "filter" : {
            "mode" : "and",
            "filters" : [ {
              "key" : "base_entity",
              "mode" : "or",
              "values" : [ "endpoint" ],
              "operator" : "eq"
            } ]
          }
        } ],
        "widget_configuration_type" : "flat",
        "title" : "Endpoints",
        "time_range" : "ALL_TIME",
        "date_attribute" : "base_updated_at"
      },
      "widget_layout" : {
        "widget_layout_w" : 3,
        "widget_layout_h" : 2,
        "widget_layout_x" : 9,
        "widget_layout_y" : 0
      },
      "widget_created_at" : "2025-07-31T14:28:56.715395Z",
      "widget_updated_at" : "2025-08-08T09:59:58.912216Z"
    }
  }, {
    "id" : "45f63f2f-ef6c-4632-b2a5-2e26a768934f",
    "type" : "widgets",
    "attributes" : {
      "widget_id" : "45f63f2f-ef6c-4632-b2a5-2e26a768934f",
      "widget_type" : "number",
      "widget_config" : {
        "start" : null,
        "end" : null,
        "series" : [ {
          "name" : "CVE FOUND",
          "filter" : {
            "mode" : "and",
            "filters" : [ {
              "key" : "base_entity",
              "mode" : "or",
              "values" : [ "finding" ],
              "operator" : "eq"
            }, {
              "key" : "finding_type",
              "mode" : "or",
              "values" : [ "CVE" ],
              "operator" : "eq"
            }, {
              "key" : "base_simulation_side",
              "mode" : "or",
              "values" : [ "9b6f8422-f006-4e9f-8b18-6426b7e73339" ],
              "operator" : "eq"
            } ]
          }
        } ],
        "widget_configuration_type" : "flat",
        "title" : "CVE FOUND",
        "time_range" : "ALL_TIME",
        "date_attribute" : "base_updated_at"
      },
      "widget_layout" : {
        "widget_layout_w" : 3,
        "widget_layout_h" : 2,
        "widget_layout_x" : 9,
        "widget_layout_y" : 2
      },
      "widget_created_at" : "2025-07-31T14:29:48.605101Z",
      "widget_updated_at" : "2025-09-05T13:08:56.998600Z"
    }
  }, {
    "id" : "0dcf31e8-2a92-45b6-9fd0-90dabfd573fa",
    "type" : "widgets",
    "attributes" : {
      "widget_id" : "0dcf31e8-2a92-45b6-9fd0-90dabfd573fa",
      "widget_type" : "donut",
      "widget_config" : {
        "start" : null,
        "end" : null,
        "mode" : "structural",
        "stacked" : false,
        "limit" : 100,
        "field" : "inject_expectation_status",
        "series" : [ {
          "name" : "",
          "filter" : {
            "mode" : "and",
            "filters" : [ {
              "key" : "base_entity",
              "mode" : "or",
              "values" : [ "expectation-inject" ],
              "operator" : "eq"
            }, {
              "key" : "base_agent_side",
              "mode" : "or",
              "values" : [ ],
              "operator" : "empty"
            }, {
              "key" : "base_asset_group_side",
              "mode" : "or",
              "values" : [ ],
              "operator" : "empty"
            }, {
              "key" : "inject_expectation_type",
              "mode" : "or",
              "values" : [ "PREVENTION" ],
              "operator" : "eq"
            }, {
              "key" : "base_asset_side",
              "mode" : "or",
              "values" : [ ],
              "operator" : "not_empty"
            }, {
              "key" : "base_simulation_side",
              "mode" : "or",
              "values" : [ "9b6f8422-f006-4e9f-8b18-6426b7e73339" ],
              "operator" : "eq"
            } ]
          }
        } ],
        "widget_configuration_type" : "structural-histogram",
        "title" : "PREVENTION",
        "time_range" : "ALL_TIME",
        "date_attribute" : "base_updated_at",
        "display_legend" : false
      },
      "widget_layout" : {
        "widget_layout_w" : 3,
        "widget_layout_h" : 4,
        "widget_layout_x" : 3,
        "widget_layout_y" : 0
      },
      "widget_created_at" : "2025-08-08T09:51:23.860181Z",
      "widget_updated_at" : "2025-09-05T13:08:01.000298Z"
    }
  }, {
    "id" : "4d1510b3-2084-4545-9743-0ab7bee25d3b",
    "type" : "widgets",
    "attributes" : {
      "widget_id" : "4d1510b3-2084-4545-9743-0ab7bee25d3b",
      "widget_type" : "donut",
      "widget_config" : {
        "start" : null,
        "end" : null,
        "mode" : "structural",
        "stacked" : false,
        "limit" : 100,
        "field" : "base_asset_groups_side",
        "series" : [ {
          "name" : "",
          "filter" : {
            "mode" : "and",
            "filters" : [ {
              "key" : "base_entity",
              "mode" : "or",
              "values" : [ "inject" ],
              "operator" : "eq"
            } ]
          }
        } ],
        "widget_configuration_type" : "structural-histogram",
        "title" : "Assets groups",
        "time_range" : "ALL_TIME",
        "date_attribute" : "base_updated_at",
        "display_legend" : false
      },
      "widget_layout" : {
        "widget_layout_w" : 4,
        "widget_layout_h" : 8,
        "widget_layout_x" : 8,
        "widget_layout_y" : 14
      },
      "widget_created_at" : "2025-08-22T14:09:00.257156Z",
      "widget_updated_at" : "2025-08-22T14:12:27.730801Z"
    }
  }, {
    "id" : "8da3c012-5033-490f-af08-6af87eccb487",
    "type" : "widgets",
    "attributes" : {
      "widget_id" : "8da3c012-5033-490f-af08-6af87eccb487",
      "widget_type" : "donut",
      "widget_config" : {
        "start" : null,
        "end" : null,
        "mode" : "structural",
        "stacked" : false,
        "limit" : 100,
        "field" : "vulnerable_endpoint_action",
        "series" : [ {
          "name" : "",
          "filter" : {
            "mode" : "and",
            "filters" : [ {
              "key" : "base_entity",
              "mode" : "or",
              "values" : [ "vulnerable-endpoint" ],
              "operator" : "eq"
            } ]
          }
        } ],
        "widget_configuration_type" : "structural-histogram",
        "title" : "Recommended action",
        "time_range" : "ALL_TIME",
        "date_attribute" : "base_updated_at",
        "display_legend" : false
      },
      "widget_layout" : {
        "widget_layout_w" : 4,
        "widget_layout_h" : 7,
        "widget_layout_x" : 8,
        "widget_layout_y" : 39
      },
      "widget_created_at" : "2025-08-22T14:13:50.020813Z",
      "widget_updated_at" : "2025-08-22T14:17:28.359431Z"
    }
  }, {
    "id" : "b344a73e-f52a-4446-b2bd-a59428aef238",
    "type" : "widgets",
    "attributes" : {
      "widget_id" : "b344a73e-f52a-4446-b2bd-a59428aef238",
      "widget_type" : "donut",
      "widget_config" : {
        "start" : null,
        "end" : null,
        "mode" : "structural",
        "stacked" : false,
        "limit" : 100,
        "field" : "inject_expectation_status",
        "series" : [ {
          "name" : "",
          "filter" : {
            "mode" : "and",
            "filters" : [ {
              "key" : "base_entity",
              "mode" : "or",
              "values" : [ "expectation-inject" ],
              "operator" : "eq"
            }, {
              "key" : "base_agent_side",
              "mode" : "or",
              "values" : [ ],
              "operator" : "empty"
            }, {
              "key" : "base_asset_group_side",
              "mode" : "or",
              "values" : [ ],
              "operator" : "empty"
            }, {
              "key" : "base_asset_side",
              "mode" : "or",
              "values" : [ ],
              "operator" : "not_empty"
            }, {
              "key" : "inject_expectation_type",
              "mode" : "or",
              "values" : [ "VULNERABILITY" ],
              "operator" : "eq"
            }, {
              "key" : "base_simulation_side",
              "mode" : "or",
              "values" : [ "9b6f8422-f006-4e9f-8b18-6426b7e73339" ],
              "operator" : "eq"
            } ]
          }
        } ],
        "widget_configuration_type" : "structural-histogram",
        "title" : "VULNERABILITY",
        "time_range" : "ALL_TIME",
        "date_attribute" : "base_updated_at",
        "display_legend" : false
      },
      "widget_layout" : {
        "widget_layout_w" : 3,
        "widget_layout_h" : 4,
        "widget_layout_x" : 6,
        "widget_layout_y" : 0
      },
      "widget_created_at" : "2025-08-08T09:53:06.770558Z",
      "widget_updated_at" : "2025-09-05T13:08:16.570205Z"
    }
  }, {
    "id" : "41af14ac-5cc5-4b6e-93f4-efc4afc67043",
    "type" : "widgets",
    "attributes" : {
      "widget_id" : "41af14ac-5cc5-4b6e-93f4-efc4afc67043",
      "widget_type" : "horizontal-barchart",
      "widget_config" : {
        "start" : null,
        "end" : null,
        "mode" : "structural",
        "stacked" : false,
        "limit" : 100,
        "field" : "finding_type",
        "series" : [ {
          "name" : "",
          "filter" : {
            "mode" : "and",
            "filters" : [ {
              "key" : "base_entity",
              "mode" : "or",
              "values" : [ "finding" ],
              "operator" : "eq"
            } ]
          }
        } ],
        "widget_configuration_type" : "structural-histogram",
        "title" : "Latest findings",
        "time_range" : "ALL_TIME",
        "date_attribute" : "base_updated_at",
        "display_legend" : false
      },
      "widget_layout" : {
        "widget_layout_w" : 4,
        "widget_layout_h" : 7,
        "widget_layout_x" : 8,
        "widget_layout_y" : 30
      },
      "widget_created_at" : "2025-07-03T16:00:14.149085Z",
      "widget_updated_at" : "2025-08-22T14:12:33.580155Z"
    }
  }, {
    "id" : "65f8b182-2ca1-45f3-a9be-d663080e9e86",
    "type" : "widgets",
    "attributes" : {
      "widget_id" : "65f8b182-2ca1-45f3-a9be-d663080e9e86",
      "widget_type" : "list",
      "widget_config" : {
        "start" : null,
        "end" : null,
        "perspective" : {
          "name" : "",
          "filter" : {
            "mode" : "and",
            "filters" : [ {
              "key" : "base_entity",
              "mode" : "or",
              "values" : [ "finding" ],
              "operator" : "eq"
            }, {
              "key" : "base_simulation_side",
              "mode" : "or",
              "values" : [ "9b6f8422-f006-4e9f-8b18-6426b7e73339" ],
              "operator" : "eq"
            } ]
          }
        },
        "columns" : [ "finding_value", "base_updated_at", "finding_type" ],
        "sorts" : [ {
          "fieldName" : "base_updated_at",
          "direction" : "ASC"
        } ],
        "limit" : 100,
        "widget_configuration_type" : "list",
        "title" : "findings",
        "time_range" : "ALL_TIME",
        "date_attribute" : "base_updated_at"
      },
      "widget_layout" : {
        "widget_layout_w" : 8,
        "widget_layout_h" : 9,
        "widget_layout_x" : 0,
        "widget_layout_y" : 28
      },
      "widget_created_at" : "2025-07-03T16:01:05.804180Z",
      "widget_updated_at" : "2025-08-22T14:12:33.585788Z"
    }
  }, {
    "id" : "3d4e396c-8b75-4e70-9a20-7b27cccc9888",
    "type" : "widgets",
    "attributes" : {
      "widget_id" : "3d4e396c-8b75-4e70-9a20-7b27cccc9888",
      "widget_type" : "donut",
      "widget_config" : {
        "start" : null,
        "end" : null,
        "mode" : "structural",
        "stacked" : false,
        "limit" : 100,
        "field" : "inject_expectation_status",
        "series" : [ {
          "name" : "",
          "filter" : {
            "mode" : "and",
            "filters" : [ {
              "key" : "base_entity",
              "mode" : "or",
              "values" : [ "expectation-inject" ],
              "operator" : "eq"
            }, {
              "key" : "base_agent_side",
              "mode" : "or",
              "values" : [ ],
              "operator" : "empty"
            }, {
              "key" : "base_asset_group_side",
              "mode" : "or",
              "values" : [ ],
              "operator" : "empty"
            }, {
              "key" : "base_asset_side",
              "mode" : "or",
              "values" : [ ],
              "operator" : "not_empty"
            }, {
              "key" : "inject_expectation_type",
              "mode" : "or",
              "values" : [ "DETECTION" ],
              "operator" : "eq"
            }, {
              "key" : "base_simulation_side",
              "mode" : "or",
              "values" : [ "9b6f8422-f006-4e9f-8b18-6426b7e73339" ],
              "operator" : "eq"
            } ]
          }
        } ],
        "widget_configuration_type" : "structural-histogram",
        "title" : "Detection",
        "time_range" : "ALL_TIME",
        "date_attribute" : "base_updated_at",
        "display_legend" : false
      },
      "widget_layout" : {
        "widget_layout_w" : 3,
        "widget_layout_h" : 4,
        "widget_layout_x" : 0,
        "widget_layout_y" : 0
      },
      "widget_created_at" : "2025-08-08T09:49:37.077595Z",
      "widget_updated_at" : "2025-09-05T13:06:46.027944Z"
    }
  }, {
    "id" : "34b0152f-88c1-41a0-a7ee-f61352def9bf",
    "type" : "widgets",
    "attributes" : {
      "widget_id" : "34b0152f-88c1-41a0-a7ee-f61352def9bf",
      "widget_type" : "list",
      "widget_config" : {
        "start" : null,
        "end" : null,
        "perspective" : {
          "name" : "",
          "filter" : {
            "mode" : "and",
            "filters" : [ {
              "key" : "base_entity",
              "mode" : "or",
              "values" : [ "vulnerable-endpoint" ],
              "operator" : "eq"
            } ]
          }
        },
        "columns" : [ "vulnerable_endpoint_hostname", "base_entity", "base_updated_at", "vulnerable_endpoint_action", "vulnerable_endpoint_findings_summary", "vulnerable_endpoint_platform" ],
        "sorts" : [ {
          "fieldName" : "base_updated_at",
          "direction" : "ASC"
        } ],
        "limit" : 100,
        "widget_configuration_type" : "list",
        "title" : "Vulnerable endpoint",
        "time_range" : "ALL_TIME",
        "date_attribute" : "base_updated_at"
      },
      "widget_layout" : {
        "widget_layout_w" : 8,
        "widget_layout_h" : 9,
        "widget_layout_x" : 0,
        "widget_layout_y" : 37
      },
      "widget_created_at" : "2025-07-03T15:38:10.082062Z",
      "widget_updated_at" : "2025-08-22T14:12:33.586227Z"
    }
  }, {
    "id" : "37dfc143-02ce-4b95-93ef-f66202199c9f",
    "type" : "widgets",
    "attributes" : {
      "widget_id" : "37dfc143-02ce-4b95-93ef-f66202199c9f",
      "widget_type" : "list",
      "widget_config" : {
        "start" : null,
        "end" : null,
        "perspective" : {
          "name" : "Inject List",
          "filter" : {
            "mode" : "and",
            "filters" : [ {
              "key" : "base_entity",
              "mode" : "or",
              "values" : [ "inject" ],
              "operator" : "eq"
            } ]
          }
        },
        "columns" : [ "base_created_at", "base_entity", "base_id", "base_updated_at", "base_tags_side" ],
        "sorts" : [ {
          "fieldName" : "base_updated_at",
          "direction" : "ASC"
        } ],
        "limit" : 100,
        "widget_configuration_type" : "list",
        "title" : "Inject list (WIP)",
        "time_range" : "ALL_TIME",
        "date_attribute" : "base_updated_at"
      },
      "widget_layout" : {
        "widget_layout_w" : 8,
        "widget_layout_h" : 8,
        "widget_layout_x" : 0,
        "widget_layout_y" : 14
      },
      "widget_created_at" : "2025-08-22T14:07:37.014704Z",
      "widget_updated_at" : "2025-08-22T14:12:33.588825Z"
    }
  }, {
    "id" : "44211592-f028-4a26-a4a3-b7fba84ace66",
    "type" : "widgets",
    "attributes" : {
      "widget_id" : "44211592-f028-4a26-a4a3-b7fba84ace66",
      "widget_type" : "security-coverage",
      "widget_config" : {
        "start" : null,
        "end" : null,
        "mode" : "structural",
        "stacked" : false,
        "limit" : 100,
        "field" : "base_attack_patterns_side",
        "series" : [ {
          "name" : "SUCCESS",
          "filter" : {
            "mode" : "and",
            "filters" : [ {
              "key" : "base_entity",
              "mode" : "and",
              "values" : [ "expectation-inject" ],
              "operator" : "eq"
            }, {
              "key" : "inject_expectation_status",
              "mode" : "and",
              "values" : [ "SUCCESS" ],
              "operator" : "eq"
            }, {
              "key" : "inject_expectation_type",
              "mode" : "and",
              "values" : [ "DETECTION" ],
              "operator" : "eq"
            } ]
          }
        }, {
          "name" : "FAILED",
          "filter" : {
            "mode" : "and",
            "filters" : [ {
              "key" : "base_entity",
              "mode" : "and",
              "values" : [ "expectation-inject" ],
              "operator" : "eq"
            }, {
              "key" : "inject_expectation_status",
              "mode" : "and",
              "values" : [ "FAILED" ],
              "operator" : "eq"
            }, {
              "key" : "inject_expectation_type",
              "mode" : "and",
              "values" : [ "DETECTION" ],
              "operator" : "eq"
            } ]
          }
        } ],
        "widget_configuration_type" : "structural-histogram",
        "title" : "Detection coverave",
        "time_range" : "ALL_TIME",
        "date_attribute" : "base_updated_at",
        "display_legend" : false
      },
      "widget_layout" : {
        "widget_layout_w" : 12,
        "widget_layout_h" : 10,
        "widget_layout_x" : 0,
        "widget_layout_y" : 4
      },
      "widget_created_at" : "2025-07-03T15:32:14.178175Z",
      "widget_updated_at" : "2025-08-22T14:08:04.328550Z"
    }
  }, {
    "id" : "3737cef9-5091-4531-b838-b89db0a9f0f9",
    "type" : "widgets",
    "attributes" : {
      "widget_id" : "3737cef9-5091-4531-b838-b89db0a9f0f9",
      "widget_type" : "number",
      "widget_config" : {
        "start" : null,
        "end" : null,
        "series" : [ {
          "name" : "",
          "filter" : {
            "mode" : "and",
            "filters" : [ {
              "key" : "base_entity",
              "mode" : "or",
              "values" : [ "finding" ],
              "operator" : "eq"
            }, {
              "key" : "finding_type",
              "mode" : "or",
              "values" : [ "CVE" ],
              "operator" : "eq"
            } ]
          }
        } ],
        "widget_configuration_type" : "flat",
        "title" : "CVE found",
        "time_range" : "ALL_TIME",
        "date_attribute" : "base_updated_at"
      },
      "widget_layout" : {
        "widget_layout_w" : 2,
        "widget_layout_h" : 2,
        "widget_layout_x" : 10,
        "widget_layout_y" : 37
      },
      "widget_created_at" : "2025-08-22T14:17:17.601288Z",
      "widget_updated_at" : "2025-08-22T14:17:22.808911Z"
    }
  }, {
    "id" : "4834ead9-c58e-4818-ac54-5eb2ee6ecdc9",
    "type" : "widgets",
    "attributes" : {
      "widget_id" : "4834ead9-c58e-4818-ac54-5eb2ee6ecdc9",
      "widget_type" : "number",
      "widget_config" : {
        "start" : null,
        "end" : null,
        "series" : [ {
          "name" : "",
          "filter" : {
            "mode" : "and",
            "filters" : [ {
              "key" : "base_entity",
              "mode" : "or",
              "values" : [ "vulnerable-endpoint" ],
              "operator" : "eq"
            } ]
          }
        } ],
        "widget_configuration_type" : "flat",
        "title" : "Vulnerable endpoints number",
        "time_range" : "ALL_TIME",
        "date_attribute" : "base_updated_at"
      },
      "widget_layout" : {
        "widget_layout_w" : 2,
        "widget_layout_h" : 2,
        "widget_layout_x" : 8,
        "widget_layout_y" : 37
      },
      "widget_created_at" : "2025-08-22T14:16:37.871896Z",
      "widget_updated_at" : "2025-08-22T14:16:45.503899Z"
    }
  }, {
    "id" : "2849ddde-d949-4e95-a5a6-cd234c416f71",
    "type" : "widgets",
    "attributes" : {
      "widget_id" : "2849ddde-d949-4e95-a5a6-cd234c416f71",
      "widget_type" : "vertical-barchart",
      "widget_config" : {
        "start" : null,
        "end" : null,
        "mode" : "structural",
        "stacked" : false,
        "limit" : 10,
        "field" : "base_security_platforms_side",
        "series" : [ {
          "name" : "Prevention failed",
          "filter" : {
            "mode" : "and",
            "filters" : [ {
              "key" : "base_entity",
              "mode" : "or",
              "values" : [ "expectation-inject" ],
              "operator" : "eq"
            }, {
              "key" : "inject_expectation_type",
              "mode" : "or",
              "values" : [ "PREVENTION" ],
              "operator" : "eq"
            }, {
              "key" : "inject_expectation_status",
              "mode" : "or",
              "values" : [ "SUCCESS" ],
              "operator" : "eq"
            }, {
              "key" : "base_simulation_side",
              "mode" : "or",
              "values" : [ "9b6f8422-f006-4e9f-8b18-6426b7e73339" ],
              "operator" : "eq"
            } ]
          }
        }, {
          "name" : "Detection failed",
          "filter" : {
            "mode" : "and",
            "filters" : [ {
              "key" : "base_entity",
              "mode" : "or",
              "values" : [ "expectation-inject" ],
              "operator" : "eq"
            }, {
              "key" : "inject_expectation_type",
              "mode" : "or",
              "values" : [ "DETECTION" ],
              "operator" : "eq"
            }, {
              "key" : "inject_expectation_status",
              "mode" : "or",
              "values" : [ "SUCCESS" ],
              "operator" : "eq"
            }, {
              "key" : "base_simulation_side",
              "mode" : "or",
              "values" : [ "9b6f8422-f006-4e9f-8b18-6426b7e73339" ],
              "operator" : "eq"
            } ]
          }
        } ],
        "widget_configuration_type" : "structural-histogram",
        "title" : "Breakdown by security platform (incoming)",
        "time_range" : "ALL_TIME",
        "date_attribute" : "base_updated_at",
        "display_legend" : false
      },
      "widget_layout" : {
        "widget_layout_w" : 12,
        "widget_layout_h" : 6,
        "widget_layout_x" : 0,
        "widget_layout_y" : 22
      },
      "widget_created_at" : "2025-07-03T16:13:48.896826Z",
      "widget_updated_at" : "2025-08-29T12:36:24.290047Z"
    }
  }, {
    "id" : "6bf69a8c-94ec-493e-9b9e-66ea1dc4dfe4",
    "type" : "custom_dashboards_parameters",
    "attributes" : {
      "custom_dashboards_parameter_id" : "6bf69a8c-94ec-493e-9b9e-66ea1dc4dfe4",
      "custom_dashboards_parameter_name" : "Time range",
      "custom_dashboards_parameter_type" : "timeRange"
    }
  }, {
    "id" : "9b6f8422-f006-4e9f-8b18-6426b7e73339",
    "type" : "custom_dashboards_parameters",
    "attributes" : {
      "custom_dashboards_parameter_id" : "9b6f8422-f006-4e9f-8b18-6426b7e73339",
      "custom_dashboards_parameter_name" : "simulation",
      "custom_dashboards_parameter_type" : "simulation"
    }
  }, {
    "id" : "ba2d5582-7bc4-47df-9fdb-c3f05d86d7ab",
    "type" : "custom_dashboards_parameters",
    "attributes" : {
      "custom_dashboards_parameter_id" : "ba2d5582-7bc4-47df-9fdb-c3f05d86d7ab",
      "custom_dashboards_parameter_name" : "Start date",
      "custom_dashboards_parameter_type" : "startDate"
    }
  }, {
    "id" : "f84c5829-6968-4d63-972b-1f9b61d4abdb",
    "type" : "custom_dashboards_parameters",
    "attributes" : {
      "custom_dashboards_parameter_id" : "f84c5829-6968-4d63-972b-1f9b61d4abdb",
      "custom_dashboards_parameter_name" : "End date",
      "custom_dashboards_parameter_type" : "endDate"
    }
  } ]
}